model,windows,mean_nll,asset_var_breach_rate,port_var_breach_rate,port_breaches,kupiec_p,port_cvar_error,port_mean_abs_error,scope,event,start,nll,asset_breaches,n_assets,pred_port_mean,pred_var95,pred_cvar95,realized_port,port_breach,cvar_error
Baseline (OLS + t),169.0,-60.70612509393615,0.07199211045364892,0.0650887573964497,11.0,0.38878078953252726,0.011303109373691568,0.013474963267959545,test_2020+,,,,,,,,,,,
MDN static (train<=2017),169.0,-47.54979506255937,0.08062130177514792,0.08284023668639054,14.0,0.07225431481607403,0.0052695280699509685,0.012668534731876496,test_2020+,,,,,,,,,,,
MDN walk-forward,169.0,-45.1961507308341,0.0695266272189349,0.0650887573964497,11.0,0.38878078953252726,0.014124947592189567,0.012234023252774985,test_2020+,,,,,,,,,,,
Baseline (OLS + t),,,,,,,,,event,COVID crash,2020-02-21,-43.94828426132701,4.0,24.0,-0.08929671722813666,0.1028707491821813,0.10711434656247402,-0.10222255873026156,False,-0.00489178783221246
MDN static (train<=2017),,,,,,,,,event,COVID crash,2020-02-21,12.390620401539564,1.0,24.0,-0.11713414997939603,0.14008317612430032,0.1426064528298252,-0.10222255873026156,False,-0.04038389409956364
MDN walk-forward,,,,,,,,,event,COVID crash,2020-02-21,47.900701796495014,2.0,24.0,-0.1230387358950617,0.14555658680480818,0.14781739685381526,-0.10222255873026156,False,-0.045594838123553694
Baseline (OLS + t),,,,,,,,,event,Ukraine invasion,2022-02-23,-40.187322595983794,0.0,24.0,-0.02518424412014475,0.05124771453345702,0.06038825431029993,0.024961503000983442,False,-0.08534975731128337
MDN static (train<=2017),,,,,,,,,event,Ukraine invasion,2022-02-23,-33.68639214897347,1.0,24.0,-0.012869235427937019,0.04094673579776433,0.04752531086870097,0.024961503000983442,False,-0.07248681386968442
MDN walk-forward,,,,,,,,,event,Ukraine invasion,2022-02-23,-36.515442542894526,1.0,24.0,-0.009748998639076844,0.02776442492851652,0.033347103307737866,0.024961503000983442,False,-0.05830860630872131
Baseline (OLS + t),,,,,,,,,event,2022 rate shock,2022-06-03,-49.40159495763643,15.0,24.0,-0.04179821329999271,0.0682895844221687,0.07776879329464916,-0.0963310204082732,True,0.01856222711362404
MDN static (train<=2017),,,,,,,,,event,2022 rate shock,2022-06-03,-18.23549005323261,15.0,24.0,-0.03777857559218081,0.058883455481089884,0.0641322685386503,-0.0963310204082732,True,0.0321987518696229
MDN walk-forward,,,,,,,,,event,2022 rate shock,2022-06-03,-11.381416506929213,17.0,24.0,-0.028590684489301257,0.04186858044004919,0.04638601446812168,-0.0963310204082732,True,0.04994500594015152
Baseline (OLS + t),,,,,,,,,event,SVB,2023-03-08,-49.915313211411735,6.0,24.0,-0.006856181229842315,0.035009524690462084,0.044058307812951836,-0.030346937290990132,False,-0.013711370521961704
MDN static (train<=2017),,,,,,,,,event,SVB,2023-03-08,-28.515076393126414,3.0,24.0,-0.026777378100442548,0.050788676713524605,0.0546389982851547,-0.030346937290990132,False,-0.024292060994164567
MDN walk-forward,,,,,,,,,event,SVB,2023-03-08,-36.81010033328654,0.0,24.0,-0.029435619533936766,0.0556946534315148,0.06264415397097194,-0.030346937290990132,False,-0.032297216679981804
Baseline (OLS + t),,,,,,,,,event,Yen carry unwind,2024-07-31,-56.165565276446046,9.0,24.0,0.017253017757467053,0.005806784540911525,0.012356560227744092,-0.01716086322422618,True,0.004804302996482089
MDN static (train<=2017),,,,,,,,,event,Yen carry unwind,2024-07-31,-53.898869436134376,7.0,24.0,0.002273616334614445,0.011867400380227834,0.014920725169835232,-0.01716086322422618,True,0.0022401380543909492
MDN walk-forward,,,,,,,,,event,Yen carry unwind,2024-07-31,-53.19348959549939,7.0,24.0,0.0054987712556551155,0.011786964653369961,0.016245692534823407,-0.01716086322422618,True,0.0009151706894027743
